"Train","Test"
"Bayes",4.32392540540743,21.7993889196358
"Baseline",3.87559492198673,22.6076822795747
