"Train","Test"
"Bayes",4.24554550262601,8.23446874830387
"Baseline",4.22139053449256,8.30425427019741
