"Train","Test"
"Bayes",4.24689292758671,8.28859438840589
"Baseline",3.98188963156346,8.55137508597809
