"Train","Test"
"Bayes",4.26340305312535,8.51480467602665
"Baseline",4.10603116019598,8.64336044604757
